<?xml version="1.0" encoding="UTF-8"?>
<jcr:root xmlns:jcr="http://www.jcp.org/jcr/1.0" xmlns:nt="http://www.jcp.org/jcr/nt/1.0" xmlns:cq="http://www.day.com/jcr/cq/1.0" xmlns:sling="http://sling.apache.org/jcr/sling/1.0"
    jcr:primaryType="cq:Page">
    <jcr:content
        cq:lastModified="{Date}2025-03-24T22:01:16.810+05:30"
        cq:lastModifiedBy="admin"
        cq:template="/conf/newsBlog/settings/wcm/templates/page-content"
        jcr:primaryType="cq:PageContent"
        jcr:title="news"
        sling:resourceType="newsBlog/components/page">
        <root
            jcr:primaryType="nt:unstructured"
            sling:resourceType="newsBlog/components/container"
            layout="responsiveGrid">
            <container
                jcr:primaryType="nt:unstructured"
                sling:resourceType="newsBlog/components/container"
                layout="responsiveGrid">
                <title
                    jcr:primaryType="nt:unstructured"
                    sling:resourceType="newsBlog/components/title"/>
                <container
                    jcr:primaryType="nt:unstructured"
                    sling:resourceType="newsBlog/components/container"
                    layout="responsiveGrid"/>
            </container>
        </root>
    </jcr:content>
    <live-news/>
    <sports-news/>
    <tech-news/>
    <cinema-news/>
    <breaking-news/>
    <about-me/>
    <contact-us/>
</jcr:root>
