<?xml version="1.0" encoding="UTF-8"?>
<jcr:root xmlns:jcr="http://www.jcp.org/jcr/1.0" xmlns:nt="http://www.jcp.org/jcr/nt/1.0" xmlns:mix="http://www.jcp.org/jcr/mix/1.0" xmlns:cq="http://www.day.com/jcr/cq/1.0" xmlns:sling="http://sling.apache.org/jcr/sling/1.0"
    jcr:primaryType="cq:Page">
    <jcr:content
        cq:isDelivered="{Boolean}false"
        cq:lastModified="{Date}2025-04-02T00:43:32.836+05:30"
        cq:lastModifiedBy="admin"
        cq:lastReplicated="{Date}2025-04-02T23:08:02.167+05:30"
        cq:lastReplicated_publish="{Date}2025-04-02T23:08:02.167+05:30"
        cq:lastReplicatedBy="admin"
        cq:lastReplicatedBy_publish="admin"
        cq:lastReplicationAction="Activate"
        cq:lastReplicationAction_publish="Activate"
        cq:tags="[experience-fragments:variation/web]"
        cq:template="/conf/newsBlog/settings/wcm/templates/xf-web-variation"
        cq:xfMasterVariation="{Boolean}true"
        cq:xfVariantType="web"
        jcr:isCheckedOut="{Boolean}true"
        jcr:mixinTypes="[cq:ReplicationStatus2,mix:versionable]"
        jcr:primaryType="cq:PageContent"
        jcr:title="Header XF"
        jcr:uuid="2490750f-8460-4d90-97a0-12ebc7278773"
        sling:resourceType="newsBlog/components/xfpage">
        <root
            jcr:primaryType="nt:unstructured"
            sling:resourceType="newsBlog/components/container"
            layout="responsiveGrid">
            <text
                jcr:created="{Date}2025-04-02T00:34:09.698+05:30"
                jcr:createdBy="admin"
                jcr:lastModified="{Date}2025-04-02T00:34:31.946+05:30"
                jcr:lastModifiedBy="admin"
                jcr:primaryType="nt:unstructured"
                sling:resourceType="newsBlog/components/text"
                text="&lt;p>&lt;a href=&quot;/content/newsBlog/us/en/news/live-news.html&quot;>Live News&lt;/a>&lt;/p>&#xd;&#xa;"
                textIsRich="true">
                <cq:responsive jcr:primaryType="nt:unstructured">
                    <default
                        jcr:primaryType="nt:unstructured"
                        offset="0"
                        width="1"/>
                </cq:responsive>
            </text>
            <text_2108348224
                jcr:created="{Date}2025-04-02T00:34:40.084+05:30"
                jcr:createdBy="admin"
                jcr:lastModified="{Date}2025-04-02T00:35:00.231+05:30"
                jcr:lastModifiedBy="admin"
                jcr:primaryType="nt:unstructured"
                sling:resourceType="newsBlog/components/text"
                text="&lt;p>&lt;a href=&quot;/content/newsBlog/us/en/news/sports-news.html&quot;>Sports News&lt;/a>&lt;/p>&#xd;&#xa;"
                textIsRich="true">
                <cq:responsive jcr:primaryType="nt:unstructured">
                    <default
                        jcr:primaryType="nt:unstructured"
                        offset="0"
                        width="1"/>
                </cq:responsive>
            </text_2108348224>
            <text_2108348224_copy
                jcr:created="{Date}2025-04-02T00:34:40.084+05:30"
                jcr:createdBy="admin"
                jcr:lastModified="{Date}2025-04-02T00:37:24.638+05:30"
                jcr:lastModifiedBy="admin"
                jcr:primaryType="nt:unstructured"
                sling:resourceType="newsBlog/components/text"
                text="&lt;p>&lt;a href=&quot;/content/newsBlog/us/en/news/tech-news.html&quot;>Tech News&lt;/a>&lt;/p>&#xd;&#xa;"
                textIsRich="true">
                <cq:responsive jcr:primaryType="nt:unstructured">
                    <default
                        jcr:primaryType="nt:unstructured"
                        offset="0"
                        width="1"/>
                </cq:responsive>
            </text_2108348224_copy>
            <text_2108348224_copy_478310249
                jcr:created="{Date}2025-04-02T00:34:40.084+05:30"
                jcr:createdBy="admin"
                jcr:lastModified="{Date}2025-04-02T00:37:42.683+05:30"
                jcr:lastModifiedBy="admin"
                jcr:primaryType="nt:unstructured"
                sling:resourceType="newsBlog/components/text"
                text="&lt;p>&lt;a href=&quot;/content/newsBlog/us/en/news/cinema-news.html&quot;>Cinema News&lt;/a>&lt;/p>&#xd;&#xa;"
                textIsRich="true">
                <cq:responsive jcr:primaryType="nt:unstructured">
                    <default
                        jcr:primaryType="nt:unstructured"
                        offset="0"
                        width="1"/>
                </cq:responsive>
            </text_2108348224_copy_478310249>
            <text_2108348224_copy_767596340
                jcr:created="{Date}2025-04-02T00:34:40.084+05:30"
                jcr:createdBy="admin"
                jcr:lastModified="{Date}2025-04-02T00:38:02.611+05:30"
                jcr:lastModifiedBy="admin"
                jcr:primaryType="nt:unstructured"
                sling:resourceType="newsBlog/components/text"
                text="&lt;p>&lt;a href=&quot;/content/newsBlog/us/en/news/breaking-news.html&quot;>Breaking News&lt;/a>&lt;/p>&#xd;&#xa;"
                textIsRich="true">
                <cq:responsive jcr:primaryType="nt:unstructured">
                    <default
                        jcr:primaryType="nt:unstructured"
                        offset="0"
                        width="1"/>
                </cq:responsive>
            </text_2108348224_copy_767596340>
            <text_2108348224_copy_790736719
                jcr:created="{Date}2025-04-02T00:34:40.084+05:30"
                jcr:createdBy="admin"
                jcr:lastModified="{Date}2025-04-02T00:38:23.115+05:30"
                jcr:lastModifiedBy="admin"
                jcr:primaryType="nt:unstructured"
                sling:resourceType="newsBlog/components/text"
                text="&lt;p>&lt;a href=&quot;/content/newsBlog/us/en/news/about-me.html&quot;>About Me&lt;/a>&lt;/p>&#xd;&#xa;"
                textIsRich="true">
                <cq:responsive jcr:primaryType="nt:unstructured">
                    <default
                        jcr:primaryType="nt:unstructured"
                        offset="0"
                        width="1"/>
                </cq:responsive>
            </text_2108348224_copy_790736719>
            <text_2108348224_copy_1108172645
                jcr:created="{Date}2025-04-02T00:34:40.084+05:30"
                jcr:createdBy="admin"
                jcr:lastModified="{Date}2025-04-02T00:38:41.763+05:30"
                jcr:lastModifiedBy="admin"
                jcr:primaryType="nt:unstructured"
                sling:resourceType="newsBlog/components/text"
                text="&lt;p>&lt;a href=&quot;/content/newsBlog/us/en/news/contact-us.html&quot;>Contact Us&lt;/a>&lt;/p>&#xd;&#xa;"
                textIsRich="true">
                <cq:responsive jcr:primaryType="nt:unstructured">
                    <default
                        jcr:primaryType="nt:unstructured"
                        offset="0"
                        width="1"/>
                </cq:responsive>
            </text_2108348224_copy_1108172645>
        </root>
    </jcr:content>
</jcr:root>
