<?xml version="1.0" encoding="UTF-8"?>
<jcr:root xmlns:jcr="http://www.jcp.org/jcr/1.0" xmlns:nt="http://www.jcp.org/jcr/nt/1.0" xmlns:mix="http://www.jcp.org/jcr/mix/1.0" xmlns:cq="http://www.day.com/jcr/cq/1.0" xmlns:sling="http://sling.apache.org/jcr/sling/1.0"
    jcr:primaryType="cq:Page">
    <jcr:content
        cq:isDelivered="{Boolean}false"
        cq:lastModified="{Date}2025-04-02T16:13:07.352+05:30"
        cq:lastModifiedBy="admin"
        cq:lastReplicated="{Date}2025-04-02T17:12:26.672+05:30"
        cq:lastReplicated_publish="{Date}2025-04-02T17:12:26.672+05:30"
        cq:lastReplicatedBy="admin"
        cq:lastReplicatedBy_publish="admin"
        cq:lastReplicationAction="Activate"
        cq:lastReplicationAction_publish="Activate"
        cq:template="/conf/firstRun/settings/wcm/templates/page-content"
        jcr:isCheckedOut="{Boolean}true"
        jcr:mixinTypes="[cq:ReplicationStatus2,mix:versionable]"
        jcr:primaryType="cq:PageContent"
        jcr:title="Sample Page"
        jcr:uuid="2c1f40e6-ec75-4126-95e4-2a1a2e642554"
        sling:resourceType="firstRun/components/page">
        <root
            jcr:primaryType="nt:unstructured"
            sling:resourceType="firstRun/components/container"
            layout="responsiveGrid">
            <container
                jcr:primaryType="nt:unstructured"
                sling:resourceType="firstRun/components/container"
                layout="responsiveGrid">
                <title
                    jcr:primaryType="nt:unstructured"
                    sling:resourceType="firstRun/components/title"/>
                <container
                    jcr:primaryType="nt:unstructured"
                    sling:resourceType="firstRun/components/container"
                    layout="responsiveGrid">
                    <image
                        jcr:created="{Date}2025-04-02T15:45:24.442+05:30"
                        jcr:createdBy="admin"
                        jcr:lastModified="{Date}2025-04-02T15:46:16.971+05:30"
                        jcr:lastModifiedBy="admin"
                        jcr:primaryType="nt:unstructured"
                        sling:resourceType="firstRun/components/image"
                        alt="Image_01"
                        altValueFromDAM="false"
                        displayPopupTitle="true"
                        fileReference="/content/dam/firstRun/us/en-us/Image_01.jpg"
                        imageFromPageImage="false"
                        isDecorative="false"
                        linkTarget="_self"
                        titleValueFromDAM="true">
                        <cq:responsive jcr:primaryType="nt:unstructured">
                            <default
                                jcr:primaryType="nt:unstructured"
                                offset="0"
                                width="6"/>
                        </cq:responsive>
                    </image>
                    <image_1180095015
                        jcr:created="{Date}2025-04-02T15:46:47.831+05:30"
                        jcr:createdBy="admin"
                        jcr:lastModified="{Date}2025-04-02T15:47:06.835+05:30"
                        jcr:lastModifiedBy="admin"
                        jcr:primaryType="nt:unstructured"
                        sling:resourceType="firstRun/components/image"
                        alt="Image_02"
                        altValueFromDAM="false"
                        displayPopupTitle="true"
                        fileReference="/content/dam/firstRun/us/en-us/Image_02.jpg"
                        imageFromPageImage="false"
                        isDecorative="false"
                        linkTarget="_self"
                        titleValueFromDAM="true">
                        <cq:responsive jcr:primaryType="nt:unstructured">
                            <default
                                jcr:primaryType="nt:unstructured"
                                offset="0"
                                width="6"/>
                        </cq:responsive>
                    </image_1180095015>
                    <title
                        jcr:created="{Date}2025-04-02T16:12:45.805+05:30"
                        jcr:createdBy="admin"
                        jcr:lastModified="{Date}2025-04-02T16:13:07.340+05:30"
                        jcr:lastModifiedBy="admin"
                        jcr:primaryType="nt:unstructured"
                        jcr:title="Hello World Component"
                        sling:resourceType="firstRun/components/title"
                        linkTarget="_self"
                        type="h2"/>
                    <helloworld
                        jcr:created="{Date}2025-04-02T15:59:57.340+05:30"
                        jcr:createdBy="admin"
                        jcr:lastModified="{Date}2025-04-02T16:12:25.533+05:30"
                        jcr:lastModifiedBy="admin"
                        jcr:primaryType="nt:unstructured"
                        sling:resourceType="firstRun/components/helloworld"
                        firstName="John"
                        lastName="Doe"/>
                </container>
            </container>
        </root>
    </jcr:content>
</jcr:root>
