<?xml version="1.0" encoding="UTF-8"?>
<jcr:root xmlns:jcr="http://www.jcp.org/jcr/1.0" xmlns:nt="http://www.jcp.org/jcr/nt/1.0" xmlns:mix="http://www.jcp.org/jcr/mix/1.0" xmlns:cq="http://www.day.com/jcr/cq/1.0" xmlns:sling="http://sling.apache.org/jcr/sling/1.0"
    jcr:primaryType="cq:Page">
    <jcr:content
        cq:isDelivered="{Boolean}false"
        cq:lastModified="{Date}2025-04-02T00:45:52.416+05:30"
        cq:lastModifiedBy="admin"
        cq:lastReplicated="{Date}2025-04-02T23:08:02.167+05:30"
        cq:lastReplicated_publish="{Date}2025-04-02T23:08:02.167+05:30"
        cq:lastReplicatedBy="admin"
        cq:lastReplicatedBy_publish="admin"
        cq:lastReplicationAction="Activate"
        cq:lastReplicationAction_publish="Activate"
        cq:tags="[experience-fragments:variation/web]"
        cq:template="/conf/newsBlog/settings/wcm/templates/xf-web-variation"
        cq:xfMasterVariation="{Boolean}true"
        cq:xfVariantType="web"
        jcr:isCheckedOut="{Boolean}true"
        jcr:mixinTypes="[cq:ReplicationStatus2,mix:versionable]"
        jcr:primaryType="cq:PageContent"
        jcr:title="Footer XF"
        jcr:uuid="85cc5a94-4706-4e4b-89f6-22a78f2bf658"
        sling:resourceType="newsBlog/components/xfpage">
        <root
            jcr:primaryType="nt:unstructured"
            sling:resourceType="newsBlog/components/container"
            layout="responsiveGrid">
            <list
                jcr:created="{Date}2025-04-02T00:32:14.983+05:30"
                jcr:createdBy="admin"
                jcr:lastModified="{Date}2025-04-02T00:33:10.107+05:30"
                jcr:lastModifiedBy="admin"
                jcr:primaryType="nt:unstructured"
                sling:resourceType="newsBlog/components/list"
                childDepth="1"
                displayItemAsTeaser="false"
                linkItems="true"
                listFrom="static"
                pages="[/content/newsBlog/us/en/news/live-news,/content/newsBlog/us/en/news/sports-news,/content/newsBlog/us/en/news/tech-news,/content/newsBlog/us/en/news/cinema-news,/content/newsBlog/us/en/news/breaking-news]"
                showDescription="false"
                showModificationDate="false"
                sortOrder="asc"
                tagsMatch="any">
                <cq:responsive jcr:primaryType="nt:unstructured">
                    <default
                        jcr:primaryType="nt:unstructured"
                        offset="0"
                        width="2"/>
                </cq:responsive>
            </list>
            <text
                jcr:created="{Date}2025-04-02T00:44:07.698+05:30"
                jcr:createdBy="admin"
                jcr:lastModified="{Date}2025-04-02T00:44:33.866+05:30"
                jcr:lastModifiedBy="admin"
                jcr:primaryType="nt:unstructured"
                sling:resourceType="newsBlog/components/text"
                text="&lt;div>&lt;b>About Me&lt;/b>&lt;/div>&#xd;&#xa;&lt;p>I am a passionate journalist dedicated to uncovering stories that matter. With years of experience in investigative reporting, I strive to bring accurate, unbiased news to the public. My work focuses on current affairs, human interest stories, and in-depth analysis. Committed to journalistic integrity, I believe in the power of truth to drive positive change.&lt;/p>&#xd;&#xa;"
                textIsRich="true">
                <cq:responsive jcr:primaryType="nt:unstructured">
                    <default
                        jcr:primaryType="nt:unstructured"
                        offset="0"
                        width="3"/>
                </cq:responsive>
            </text>
            <text_copy
                jcr:created="{Date}2025-04-02T00:44:07.698+05:30"
                jcr:createdBy="admin"
                jcr:lastModified="{Date}2025-04-02T00:45:18.274+05:30"
                jcr:lastModifiedBy="admin"
                jcr:primaryType="nt:unstructured"
                sling:resourceType="newsBlog/components/text"
                text="&lt;p>&lt;b>Contact Us&lt;/b>&lt;/p>&#xd;&#xa;&lt;p>For inquiries, feel free to reach out to us. You can contact us via email at&amp;nbsp;&lt;b>contact@newsjournal.com&lt;/b>, call us at&amp;nbsp;&lt;b>+1 (555) 123-4567&lt;/b>, or visit our office at&amp;nbsp;&lt;b>123 News Street, New York, NY 10001&lt;/b>. We look forward to hearing from you!&lt;/p>&#xd;&#xa;"
                textIsRich="true">
                <cq:responsive jcr:primaryType="nt:unstructured">
                    <default
                        jcr:primaryType="nt:unstructured"
                        offset="1"
                        width="3"/>
                </cq:responsive>
            </text_copy>
            <text_655750628
                jcr:created="{Date}2025-04-02T00:45:26.761+05:30"
                jcr:createdBy="admin"
                jcr:lastModified="{Date}2025-04-02T00:45:36.641+05:30"
                jcr:lastModifiedBy="admin"
                jcr:primaryType="nt:unstructured"
                sling:resourceType="newsBlog/components/text"
                text="&lt;p>&lt;b>Social Media&lt;/b>&lt;/p>&#xd;&#xa;&lt;ul>&#xd;&#xa;&lt;li>&lt;a title=&quot;newsBlog&quot; href=&quot;https://newsblog.com/&quot;>NewsBlog&lt;/a>&lt;/li>&#xd;&#xa;&lt;li>&lt;a title=&quot;instagram&quot; href=&quot;https://instagram.com/&quot;>Instagram&lt;/a>&lt;/li>&#xd;&#xa;&lt;/ul>&#xd;&#xa;"
                textIsRich="true">
                <cq:responsive jcr:primaryType="nt:unstructured">
                    <default
                        jcr:primaryType="nt:unstructured"
                        offset="1"
                        width="1"/>
                </cq:responsive>
            </text_655750628>
        </root>
    </jcr:content>
</jcr:root>
